{"years": [2000, 2004, 2008, 2012, 2016, 2020, 2024], "total_area": [29719.52070693, 30302.68907339, 30445.12007339, 30532.66007339, 30598.83707339, 30689.94307339, 30849.07513919], "growth_rate": [0.0, 1.9622401458311955, 0.47002759278242934, 0.28753376498098504, 0.21674167871692518, 0.29774334162271376, 0.5185153501896744]}